"Problem","Package","File","Priority","Line","Description","Rule set","Rule"
"1","Game","src/Game/Ball.java","3","1","PackageCase: Package name contains upper case characters","Code Style","PackageCase"
"2","Game","src/Game/Ball.java","3","6","CommentRequired: Class comments are required","Documentation","CommentRequired"
"3","Game","src/Game/Ball.java","4","6","ShortClassName: Avoid short class names like Ball","Code Style","ShortClassName"
"4","Game","src/Game/Ball.java","3","7","CommentRequired: Field comments are required","Documentation","CommentRequired"
"5","Game","src/Game/Ball.java","1","7","OneDeclarationPerLine: Use one line for each declaration, it enhances code readability.","Code Style","OneDeclarationPerLine"
"6","Game","src/Game/Ball.java","3","7","ShortVariable: Avoid variables with short names like x","Code Style","ShortVariable"
"7","Game","src/Game/Ball.java","3","7","ShortVariable: Avoid variables with short names like y","Code Style","ShortVariable"
"8","Game","src/Game/Ball.java","3","8","CommentRequired: Field comments are required","Documentation","CommentRequired"
"9","Game","src/Game/Ball.java","1","8","OneDeclarationPerLine: Use one line for each declaration, it enhances code readability.","Code Style","OneDeclarationPerLine"
"10","Game","src/Game/Ball.java","3","8","ShortVariable: Avoid variables with short names like dx","Code Style","ShortVariable"
"11","Game","src/Game/Ball.java","3","8","ShortVariable: Avoid variables with short names like dy","Code Style","ShortVariable"
"12","Game","src/Game/Ball.java","3","9","CommentRequired: Field comments are required","Documentation","CommentRequired"
"13","Game","src/Game/Ball.java","3","11","CommentRequired: Public method and constructor comments are required","Documentation","CommentRequired"
"14","Game","src/Game/Ball.java","3","11","MethodArgumentCouldBeFinal: Parameter 'x' is not assigned and could be declared final","Code Style","MethodArgumentCouldBeFinal"
"15","Game","src/Game/Ball.java","3","11","MethodArgumentCouldBeFinal: Parameter 'y' is not assigned and could be declared final","Code Style","MethodArgumentCouldBeFinal"
"16","Game","src/Game/Ball.java","3","11","ShortVariable: Avoid variables with short names like x","Code Style","ShortVariable"
"17","Game","src/Game/Ball.java","3","11","ShortVariable: Avoid variables with short names like y","Code Style","ShortVariable"
"18","Game","src/Game/Ball.java","3","16","CommentRequired: Public method and constructor comments are required","Documentation","CommentRequired"
"19","Game","src/Game/Ball.java","3","21","CommentRequired: Public method and constructor comments are required","Documentation","CommentRequired"
"20","Game","src/Game/Ball.java","3","25","CommentRequired: Public method and constructor comments are required","Documentation","CommentRequired"
"21","Game","src/Game/Ball.java","3","29","CommentRequired: Public method and constructor comments are required","Documentation","CommentRequired"
"22","Game","src/Game/Ball.java","3","29","MethodArgumentCouldBeFinal: Parameter 'objHeight' is not assigned and could be declared final","Code Style","MethodArgumentCouldBeFinal"
"23","Game","src/Game/Ball.java","3","29","MethodArgumentCouldBeFinal: Parameter 'objWidth' is not assigned and could be declared final","Code Style","MethodArgumentCouldBeFinal"
"24","Game","src/Game/Ball.java","3","29","MethodArgumentCouldBeFinal: Parameter 'objX' is not assigned and could be declared final","Code Style","MethodArgumentCouldBeFinal"
"25","Game","src/Game/Ball.java","3","29","MethodArgumentCouldBeFinal: Parameter 'objY' is not assigned and could be declared final","Code Style","MethodArgumentCouldBeFinal"
"26","Game","src/Game/Ball.java","3","36","CommentRequired: Public method and constructor comments are required","Documentation","CommentRequired"
"27","Game","src/Game/Ball.java","3","36","MethodArgumentCouldBeFinal: Parameter 'g' is not assigned and could be declared final","Code Style","MethodArgumentCouldBeFinal"
"28","Game","src/Game/Ball.java","3","36","ShortVariable: Avoid variables with short names like g","Code Style","ShortVariable"
"29","Game","src/Game/BreakoutGame.java","3","1","PackageCase: Package name contains upper case characters","Code Style","PackageCase"
"30","Game","src/Game/BreakoutGame.java","3","5","CommentRequired: Class comments are required","Documentation","CommentRequired"
"31","Game","src/Game/BreakoutGame.java","3","5","UseUtilityClass: All methods are static. Consider adding a private no-args constructor to prevent instantiation.","Design","UseUtilityClass"
"32","Game","src/Game/BreakoutGame.java","3","6","CommentRequired: Public method and constructor comments are required","Documentation","CommentRequired"
"33","Game","src/Game/BreakoutGame.java","3","7","LocalVariableCouldBeFinal: Local variable 'frame' could be declared final","Code Style","LocalVariableCouldBeFinal"
"34","Game","src/Game/BreakoutGame.java","3","8","LocalVariableCouldBeFinal: Local variable 'gamePanel' could be declared final","Code Style","LocalVariableCouldBeFinal"
"35","Game","src/Game/Brick.java","3","1","PackageCase: Package name contains upper case characters","Code Style","PackageCase"
"36","Game","src/Game/Brick.java","3","6","CommentRequired: Class comments are required","Documentation","CommentRequired"
"37","Game","src/Game/Brick.java","3","6","DataClass: The class 'Brick' is suspected to be a Data Class (WOC=28.571%, NOPA=0, NOAM=5, WMC=13)","Design","DataClass"
"38","Game","src/Game/Brick.java","3","7","CommentRequired: Field comments are required","Documentation","CommentRequired"
"39","Game","src/Game/Brick.java","3","7","ImmutableField: Field 'height' may be declared final","Design","ImmutableField"
"40","Game","src/Game/Brick.java","3","7","ImmutableField: Field 'width' may be declared final","Design","ImmutableField"
"41","Game","src/Game/Brick.java","3","7","ImmutableField: Field 'x' may be declared final","Design","ImmutableField"
"42","Game","src/Game/Brick.java","3","7","ImmutableField: Field 'y' may be declared final","Design","ImmutableField"
"43","Game","src/Game/Brick.java","1","7","OneDeclarationPerLine: Use one line for each declaration, it enhances code readability.","Code Style","OneDeclarationPerLine"
"44","Game","src/Game/Brick.java","3","7","ShortVariable: Avoid variables with short names like x","Code Style","ShortVariable"
"45","Game","src/Game/Brick.java","3","7","ShortVariable: Avoid variables with short names like y","Code Style","ShortVariable"
"46","Game","src/Game/Brick.java","3","8","CommentRequired: Field comments are required","Documentation","CommentRequired"
"47","Game","src/Game/Brick.java","3","8","RedundantFieldInitializer: Avoid using redundant field initializer for 'destroyed'","Performance","RedundantFieldInitializer"
"48","Game","src/Game/Brick.java","3","9","CommentRequired: Field comments are required","Documentation","CommentRequired"
"49","Game","src/Game/Brick.java","3","11","CommentRequired: Public method and constructor comments are required","Documentation","CommentRequired"
"50","Game","src/Game/Brick.java","3","11","MethodArgumentCouldBeFinal: Parameter 'height' is not assigned and could be declared final","Code Style","MethodArgumentCouldBeFinal"
"51","Game","src/Game/Brick.java","3","11","MethodArgumentCouldBeFinal: Parameter 'width' is not assigned and could be declared final","Code Style","MethodArgumentCouldBeFinal"
"52","Game","src/Game/Brick.java","3","11","MethodArgumentCouldBeFinal: Parameter 'x' is not assigned and could be declared final","Code Style","MethodArgumentCouldBeFinal"
"53","Game","src/Game/Brick.java","3","11","MethodArgumentCouldBeFinal: Parameter 'y' is not assigned and could be declared final","Code Style","MethodArgumentCouldBeFinal"
"54","Game","src/Game/Brick.java","3","11","ShortVariable: Avoid variables with short names like x","Code Style","ShortVariable"
"55","Game","src/Game/Brick.java","3","11","ShortVariable: Avoid variables with short names like y","Code Style","ShortVariable"
"56","Game","src/Game/Brick.java","3","18","LocalVariableCouldBeFinal: Local variable 'colorChoice' could be declared final","Code Style","LocalVariableCouldBeFinal"
"57","Game","src/Game/Brick.java","3","28","CommentRequired: Public method and constructor comments are required","Documentation","CommentRequired"
"58","Game","src/Game/Brick.java","3","36","CommentRequired: Public method and constructor comments are required","Documentation","CommentRequired"
"59","Game","src/Game/Brick.java","3","36","MethodArgumentCouldBeFinal: Parameter 'g' is not assigned and could be declared final","Code Style","MethodArgumentCouldBeFinal"
"60","Game","src/Game/Brick.java","3","36","ShortVariable: Avoid variables with short names like g","Code Style","ShortVariable"
"61","Game","src/Game/GamePanel.java","3","1","PackageCase: Package name contains upper case characters","Code Style","PackageCase"
"62","Game","src/Game/GamePanel.java","3","12","CommentRequired: Class comments are required","Documentation","CommentRequired"
"63","Game","src/Game/GamePanel.java","3","12","MissingSerialVersionUID: Classes implementing Serializable should set a serialVersionUID","Error Prone","MissingSerialVersionUID"
"64","Game","src/Game/GamePanel.java","3","13","CommentRequired: Field comments are required","Documentation","CommentRequired"
"65","Game","src/Game/GamePanel.java","3","13","ImmutableField: Field 'timer' may be declared final","Design","ImmutableField"
"66","Game","src/Game/GamePanel.java","3","14","CommentRequired: Field comments are required","Documentation","CommentRequired"
"67","Game","src/Game/GamePanel.java","3","14","ImmutableField: Field 'ball' may be declared final","Design","ImmutableField"
"68","Game","src/Game/GamePanel.java","3","14","NonSerializableClass: The field 'ball' of serializable class 'Game.GamePanel' is of non-serializable type 'Game.Ball'.","Error Prone","NonSerializableClass"
"69","Game","src/Game/GamePanel.java","3","15","CommentRequired: Field comments are required","Documentation","CommentRequired"
"70","Game","src/Game/GamePanel.java","3","15","ImmutableField: Field 'paddle' may be declared final","Design","ImmutableField"
"71","Game","src/Game/GamePanel.java","3","15","NonSerializableClass: The field 'paddle' of serializable class 'Game.GamePanel' is of non-serializable type 'Game.Paddle'.","Error Prone","NonSerializableClass"
"72","Game","src/Game/GamePanel.java","3","16","CommentRequired: Field comments are required","Documentation","CommentRequired"
"73","Game","src/Game/GamePanel.java","3","16","ImmutableField: Field 'bricks' may be declared final","Design","ImmutableField"
"74","Game","src/Game/GamePanel.java","3","17","CommentRequired: Field comments are required","Documentation","CommentRequired"
"75","Game","src/Game/GamePanel.java","3","17","RedundantFieldInitializer: Avoid using redundant field initializer for 'gameOver'","Performance","RedundantFieldInitializer"
"76","Game","src/Game/GamePanel.java","3","18","CommentRequired: Field comments are required","Documentation","CommentRequired"
"77","Game","src/Game/GamePanel.java","3","18","RedundantFieldInitializer: Avoid using redundant field initializer for 'victory'","Performance","RedundantFieldInitializer"
"78","Game","src/Game/GamePanel.java","3","19","CommentRequired: Field comments are required","Documentation","CommentRequired"
"79","Game","src/Game/GamePanel.java","3","21","CommentRequired: Field comments are required","Documentation","CommentRequired"
"80","Game","src/Game/GamePanel.java","3","22","CommentRequired: Field comments are required","Documentation","CommentRequired"
"81","Game","src/Game/GamePanel.java","3","23","CommentRequired: Field comments are required","Documentation","CommentRequired"
"82","Game","src/Game/GamePanel.java","3","24","CommentRequired: Field comments are required","Documentation","CommentRequired"
"83","Game","src/Game/GamePanel.java","3","24","UnusedPrivateField: Avoid unused private fields such as 'PANEL_HEIGHT'.","Best Practices","UnusedPrivateField"
"84","Game","src/Game/GamePanel.java","3","26","CallSuperInConstructor: It is a good practice to call super() in a constructor","Code Style","CallSuperInConstructor"
"85","Game","src/Game/GamePanel.java","3","26","CommentRequired: Public method and constructor comments are required","Documentation","CommentRequired"
"86","Game","src/Game/GamePanel.java","1","27","ConstructorCallsOverridableMethod: Overridable method called during object construction: JComponent.setBackground(Color) ","Error Prone","ConstructorCallsOverridableMethod"
"87","Game","src/Game/GamePanel.java","1","29","ConstructorCallsOverridableMethod: Overridable method called during object construction: Component.addKeyListener(KeyListener) ","Error Prone","ConstructorCallsOverridableMethod"
"88","Game","src/Game/GamePanel.java","3","38","LocalVariableCouldBeFinal: Local variable 'margin' could be declared final","Code Style","LocalVariableCouldBeFinal"
"89","Game","src/Game/GamePanel.java","3","39","LocalVariableCouldBeFinal: Local variable 'brickGap' could be declared final","Code Style","LocalVariableCouldBeFinal"
"90","Game","src/Game/GamePanel.java","3","40","LocalVariableCouldBeFinal: Local variable 'startY' could be declared final","Code Style","LocalVariableCouldBeFinal"
"91","Game","src/Game/GamePanel.java","3","43","LocalVariableCouldBeFinal: Local variable 'totalWidth' could be declared final","Code Style","LocalVariableCouldBeFinal"
"92","Game","src/Game/GamePanel.java","3","44","LocalVariableCouldBeFinal: Local variable 'totalGaps' could be declared final","Code Style","LocalVariableCouldBeFinal"
"93","Game","src/Game/GamePanel.java","3","45","LocalVariableCouldBeFinal: Local variable 'brickWidth' could be declared final","Code Style","LocalVariableCouldBeFinal"
"94","Game","src/Game/GamePanel.java","3","46","LocalVariableCouldBeFinal: Local variable 'brickHeight' could be declared final","Code Style","LocalVariableCouldBeFinal"
"95","Game","src/Game/GamePanel.java","3","50","LocalVariableCouldBeFinal: Local variable 'x' could be declared final","Code Style","LocalVariableCouldBeFinal"
"96","Game","src/Game/GamePanel.java","3","50","ShortVariable: Avoid variables with short names like x","Code Style","ShortVariable"
"97","Game","src/Game/GamePanel.java","3","51","LocalVariableCouldBeFinal: Local variable 'y' could be declared final","Code Style","LocalVariableCouldBeFinal"
"98","Game","src/Game/GamePanel.java","3","51","ShortVariable: Avoid variables with short names like y","Code Style","ShortVariable"
"99","Game","src/Game/GamePanel.java","3","62","MethodArgumentCouldBeFinal: Parameter 'g' is not assigned and could be declared final","Code Style","MethodArgumentCouldBeFinal"
"100","Game","src/Game/GamePanel.java","3","62","ShortVariable: Avoid variables with short names like g","Code Style","ShortVariable"
"101","Game","src/Game/GamePanel.java","3","93","CognitiveComplexity: The method 'actionPerformed(ActionEvent)' has a cognitive complexity of 26, current threshold is 15","Design","CognitiveComplexity"
"102","Game","src/Game/GamePanel.java","3","93","CyclomaticComplexity: The method 'actionPerformed(ActionEvent)' has a cyclomatic complexity of 13.","Design","CyclomaticComplexity"
"103","Game","src/Game/GamePanel.java","3","93","ShortVariable: Avoid variables with short names like e","Code Style","ShortVariable"
"104","Game","src/Game/GamePanel.java","3","122","LocalVariableCouldBeFinal: Local variable 'brick' could be declared final","Code Style","LocalVariableCouldBeFinal"
"105","Game","src/Game/GamePanel.java","3","131","AvoidDeeplyNestedIfStmts: Deeply nested if..then statements are hard to read","Design","AvoidDeeplyNestedIfStmts"
"106","Game","src/Game/GamePanel.java","3","144","MethodArgumentCouldBeFinal: Parameter 'e' is not assigned and could be declared final","Code Style","MethodArgumentCouldBeFinal"
"107","Game","src/Game/GamePanel.java","3","144","ShortVariable: Avoid variables with short names like e","Code Style","ShortVariable"
"108","Game","src/Game/GamePanel.java","3","146","LocalVariableCouldBeFinal: Local variable 'key' could be declared final","Code Style","LocalVariableCouldBeFinal"
"109","Game","src/Game/GamePanel.java","3","159","ShortVariable: Avoid variables with short names like e","Code Style","ShortVariable"
"110","Game","src/Game/GamePanel.java","3","159","UncommentedEmptyMethodBody: Document empty method body","Documentation","UncommentedEmptyMethodBody"
"111","Game","src/Game/GamePanel.java","3","162","ShortVariable: Avoid variables with short names like e","Code Style","ShortVariable"
"112","Game","src/Game/GamePanel.java","3","162","UncommentedEmptyMethodBody: Document empty method body","Documentation","UncommentedEmptyMethodBody"
"113","Game","src/Game/Paddle.java","3","1","PackageCase: Package name contains upper case characters","Code Style","PackageCase"
"114","Game","src/Game/Paddle.java","3","6","CommentRequired: Class comments are required","Documentation","CommentRequired"
"115","Game","src/Game/Paddle.java","3","7","CommentRequired: Field comments are required","Documentation","CommentRequired"
"116","Game","src/Game/Paddle.java","3","7","ImmutableField: Field 'y' may be declared final","Design","ImmutableField"
"117","Game","src/Game/Paddle.java","1","7","OneDeclarationPerLine: Use one line for each declaration, it enhances code readability.","Code Style","OneDeclarationPerLine"
"118","Game","src/Game/Paddle.java","3","7","ShortVariable: Avoid variables with short names like x","Code Style","ShortVariable"
"119","Game","src/Game/Paddle.java","3","7","ShortVariable: Avoid variables with short names like y","Code Style","ShortVariable"
"120","Game","src/Game/Paddle.java","3","8","CommentRequired: Field comments are required","Documentation","CommentRequired"
"121","Game","src/Game/Paddle.java","3","9","CommentRequired: Field comments are required","Documentation","CommentRequired"
"122","Game","src/Game/Paddle.java","3","10","CommentRequired: Field comments are required","Documentation","CommentRequired"
"123","Game","src/Game/Paddle.java","3","12","CommentRequired: Public method and constructor comments are required","Documentation","CommentRequired"
"124","Game","src/Game/Paddle.java","3","12","MethodArgumentCouldBeFinal: Parameter 'x' is not assigned and could be declared final","Code Style","MethodArgumentCouldBeFinal"
"125","Game","src/Game/Paddle.java","3","12","MethodArgumentCouldBeFinal: Parameter 'y' is not assigned and could be declared final","Code Style","MethodArgumentCouldBeFinal"
"126","Game","src/Game/Paddle.java","3","12","ShortVariable: Avoid variables with short names like x","Code Style","ShortVariable"
"127","Game","src/Game/Paddle.java","3","12","ShortVariable: Avoid variables with short names like y","Code Style","ShortVariable"
"128","Game","src/Game/Paddle.java","3","17","CommentRequired: Public method and constructor comments are required","Documentation","CommentRequired"
"129","Game","src/Game/Paddle.java","3","24","CommentRequired: Public method and constructor comments are required","Documentation","CommentRequired"
"130","Game","src/Game/Paddle.java","3","24","MethodArgumentCouldBeFinal: Parameter 'screenWidth' is not assigned and could be declared final","Code Style","MethodArgumentCouldBeFinal"
"131","Game","src/Game/Paddle.java","3","31","CommentRequired: Public method and constructor comments are required","Documentation","CommentRequired"
"132","Game","src/Game/Paddle.java","3","31","MethodArgumentCouldBeFinal: Parameter 'g' is not assigned and could be declared final","Code Style","MethodArgumentCouldBeFinal"
"133","Game","src/Game/Paddle.java","3","31","ShortVariable: Avoid variables with short names like g","Code Style","ShortVariable"
"134","Test","src/Test/BallTest.java","3","1","PackageCase: Package name contains upper case characters","Code Style","PackageCase"
"135","Test","src/Test/BallTest.java","3","13","AtLeastOneConstructor: Each class should declare at least one constructor","Code Style","AtLeastOneConstructor"
"136","Test","src/Test/BallTest.java","3","13","JUnit5TestShouldBePackagePrivate: JUnit 5 tests should be package-private.","Best Practices","JUnit5TestShouldBePackagePrivate"
"137","Test","src/Test/BallTest.java","3","13","TooManyMethods: This class has too many methods, consider refactoring it.","Design","TooManyMethods"
"138","Test","src/Test/BallTest.java","3","14","CommentRequired: Field comments are required","Documentation","CommentRequired"
"139","Test","src/Test/BallTest.java","3","17","CommentRequired: Public method and constructor comments are required","Documentation","CommentRequired"
"140","Test","src/Test/BallTest.java","3","22","CommentRequired: Public method and constructor comments are required","Documentation","CommentRequired"
"141","Test","src/Test/BallTest.java","3","22","JUnit5TestShouldBePackagePrivate: JUnit 5 tests should be package-private.","Best Practices","JUnit5TestShouldBePackagePrivate"
"142","Test","src/Test/BallTest.java","3","22","UnitTestContainsTooManyAsserts: Unit tests should not contain more than 1 assert(s).","Best Practices","UnitTestContainsTooManyAsserts"
"143","Test","src/Test/BallTest.java","3","24","UnitTestAssertionsShouldIncludeMessage: Unit test assertions should include a message","Best Practices","UnitTestAssertionsShouldIncludeMessage"
"144","Test","src/Test/BallTest.java","3","25","UnitTestAssertionsShouldIncludeMessage: Unit test assertions should include a message","Best Practices","UnitTestAssertionsShouldIncludeMessage"
"145","Test","src/Test/BallTest.java","3","29","CommentRequired: Public method and constructor comments are required","Documentation","CommentRequired"
"146","Test","src/Test/BallTest.java","3","29","JUnit5TestShouldBePackagePrivate: JUnit 5 tests should be package-private.","Best Practices","JUnit5TestShouldBePackagePrivate"
"147","Test","src/Test/BallTest.java","3","31","UnitTestAssertionsShouldIncludeMessage: Unit test assertions should include a message","Best Practices","UnitTestAssertionsShouldIncludeMessage"
"148","Test","src/Test/BallTest.java","3","35","CommentRequired: Public method and constructor comments are required","Documentation","CommentRequired"
"149","Test","src/Test/BallTest.java","3","35","JUnit5TestShouldBePackagePrivate: JUnit 5 tests should be package-private.","Best Practices","JUnit5TestShouldBePackagePrivate"
"150","Test","src/Test/BallTest.java","3","35","UnitTestContainsTooManyAsserts: Unit tests should not contain more than 1 assert(s).","Best Practices","UnitTestContainsTooManyAsserts"
"151","Test","src/Test/BallTest.java","3","37","LocalVariableCouldBeFinal: Local variable 'initialX' could be declared final","Code Style","LocalVariableCouldBeFinal"
"152","Test","src/Test/BallTest.java","3","38","LocalVariableCouldBeFinal: Local variable 'initialY' could be declared final","Code Style","LocalVariableCouldBeFinal"
"153","Test","src/Test/BallTest.java","3","45","CommentRequired: Public method and constructor comments are required","Documentation","CommentRequired"
"154","Test","src/Test/BallTest.java","3","45","JUnit5TestShouldBePackagePrivate: JUnit 5 tests should be package-private.","Best Practices","JUnit5TestShouldBePackagePrivate"
"155","Test","src/Test/BallTest.java","3","47","LocalVariableCouldBeFinal: Local variable 'x1' could be declared final","Code Style","LocalVariableCouldBeFinal"
"156","Test","src/Test/BallTest.java","3","47","ShortVariable: Avoid variables with short names like x1","Code Style","ShortVariable"
"157","Test","src/Test/BallTest.java","3","49","LocalVariableCouldBeFinal: Local variable 'x2' could be declared final","Code Style","LocalVariableCouldBeFinal"
"158","Test","src/Test/BallTest.java","3","49","ShortVariable: Avoid variables with short names like x2","Code Style","ShortVariable"
"159","Test","src/Test/BallTest.java","3","50","LocalVariableCouldBeFinal: Local variable 'deltaX1' could be declared final","Code Style","LocalVariableCouldBeFinal"
"160","Test","src/Test/BallTest.java","3","54","LocalVariableCouldBeFinal: Local variable 'x3' could be declared final","Code Style","LocalVariableCouldBeFinal"
"161","Test","src/Test/BallTest.java","3","54","ShortVariable: Avoid variables with short names like x3","Code Style","ShortVariable"
"162","Test","src/Test/BallTest.java","3","55","LocalVariableCouldBeFinal: Local variable 'deltaX2' could be declared final","Code Style","LocalVariableCouldBeFinal"
"163","Test","src/Test/BallTest.java","3","57","UnitTestAssertionsShouldIncludeMessage: Unit test assertions should include a message","Best Practices","UnitTestAssertionsShouldIncludeMessage"
"164","Test","src/Test/BallTest.java","3","61","CommentRequired: Public method and constructor comments are required","Documentation","CommentRequired"
"165","Test","src/Test/BallTest.java","3","61","JUnit5TestShouldBePackagePrivate: JUnit 5 tests should be package-private.","Best Practices","JUnit5TestShouldBePackagePrivate"
"166","Test","src/Test/BallTest.java","3","63","LocalVariableCouldBeFinal: Local variable 'y1' could be declared final","Code Style","LocalVariableCouldBeFinal"
"167","Test","src/Test/BallTest.java","3","63","ShortVariable: Avoid variables with short names like y1","Code Style","ShortVariable"
"168","Test","src/Test/BallTest.java","3","65","LocalVariableCouldBeFinal: Local variable 'y2' could be declared final","Code Style","LocalVariableCouldBeFinal"
"169","Test","src/Test/BallTest.java","3","65","ShortVariable: Avoid variables with short names like y2","Code Style","ShortVariable"
"170","Test","src/Test/BallTest.java","3","66","LocalVariableCouldBeFinal: Local variable 'deltaY1' could be declared final","Code Style","LocalVariableCouldBeFinal"
"171","Test","src/Test/BallTest.java","3","70","LocalVariableCouldBeFinal: Local variable 'y3' could be declared final","Code Style","LocalVariableCouldBeFinal"
"172","Test","src/Test/BallTest.java","3","70","ShortVariable: Avoid variables with short names like y3","Code Style","ShortVariable"
"173","Test","src/Test/BallTest.java","3","71","LocalVariableCouldBeFinal: Local variable 'deltaY2' could be declared final","Code Style","LocalVariableCouldBeFinal"
"174","Test","src/Test/BallTest.java","3","73","UnitTestAssertionsShouldIncludeMessage: Unit test assertions should include a message","Best Practices","UnitTestAssertionsShouldIncludeMessage"
"175","Test","src/Test/BallTest.java","3","77","CommentRequired: Public method and constructor comments are required","Documentation","CommentRequired"
"176","Test","src/Test/BallTest.java","3","77","JUnit5TestShouldBePackagePrivate: JUnit 5 tests should be package-private.","Best Practices","JUnit5TestShouldBePackagePrivate"
"177","Test","src/Test/BallTest.java","1","77","MethodNamingConventions: The JUnit 5 test method name 'testIntersects_True' doesn't match '[a-z][a-zA-Z0-9]*'","Code Style","MethodNamingConventions"
"178","Test","src/Test/BallTest.java","3","80","UnitTestAssertionsShouldIncludeMessage: Unit test assertions should include a message","Best Practices","UnitTestAssertionsShouldIncludeMessage"
"179","Test","src/Test/BallTest.java","3","84","CommentRequired: Public method and constructor comments are required","Documentation","CommentRequired"
"180","Test","src/Test/BallTest.java","3","84","JUnit5TestShouldBePackagePrivate: JUnit 5 tests should be package-private.","Best Practices","JUnit5TestShouldBePackagePrivate"
"181","Test","src/Test/BallTest.java","1","84","MethodNamingConventions: The JUnit 5 test method name 'testIntersects_False_Left' doesn't match '[a-z][a-zA-Z0-9]*'","Code Style","MethodNamingConventions"
"182","Test","src/Test/BallTest.java","3","87","UnitTestAssertionsShouldIncludeMessage: Unit test assertions should include a message","Best Practices","UnitTestAssertionsShouldIncludeMessage"
"183","Test","src/Test/BallTest.java","3","91","CommentRequired: Public method and constructor comments are required","Documentation","CommentRequired"
"184","Test","src/Test/BallTest.java","3","91","JUnit5TestShouldBePackagePrivate: JUnit 5 tests should be package-private.","Best Practices","JUnit5TestShouldBePackagePrivate"
"185","Test","src/Test/BallTest.java","1","91","MethodNamingConventions: The JUnit 5 test method name 'testIntersects_False_Right' doesn't match '[a-z][a-zA-Z0-9]*'","Code Style","MethodNamingConventions"
"186","Test","src/Test/BallTest.java","3","94","UnitTestAssertionsShouldIncludeMessage: Unit test assertions should include a message","Best Practices","UnitTestAssertionsShouldIncludeMessage"
"187","Test","src/Test/BallTest.java","3","98","CommentRequired: Public method and constructor comments are required","Documentation","CommentRequired"
"188","Test","src/Test/BallTest.java","3","98","JUnit5TestShouldBePackagePrivate: JUnit 5 tests should be package-private.","Best Practices","JUnit5TestShouldBePackagePrivate"
"189","Test","src/Test/BallTest.java","1","98","MethodNamingConventions: The JUnit 5 test method name 'testIntersects_False_Above' doesn't match '[a-z][a-zA-Z0-9]*'","Code Style","MethodNamingConventions"
"190","Test","src/Test/BallTest.java","3","101","UnitTestAssertionsShouldIncludeMessage: Unit test assertions should include a message","Best Practices","UnitTestAssertionsShouldIncludeMessage"
"191","Test","src/Test/BallTest.java","3","105","CommentRequired: Public method and constructor comments are required","Documentation","CommentRequired"
"192","Test","src/Test/BallTest.java","3","105","JUnit5TestShouldBePackagePrivate: JUnit 5 tests should be package-private.","Best Practices","JUnit5TestShouldBePackagePrivate"
"193","Test","src/Test/BallTest.java","1","105","MethodNamingConventions: The JUnit 5 test method name 'testIntersects_False_Below' doesn't match '[a-z][a-zA-Z0-9]*'","Code Style","MethodNamingConventions"
"194","Test","src/Test/BallTest.java","3","108","UnitTestAssertionsShouldIncludeMessage: Unit test assertions should include a message","Best Practices","UnitTestAssertionsShouldIncludeMessage"
"195","Test","src/Test/BallTest.java","3","112","CommentRequired: Public method and constructor comments are required","Documentation","CommentRequired"
"196","Test","src/Test/BallTest.java","3","112","JUnit5TestShouldBePackagePrivate: JUnit 5 tests should be package-private.","Best Practices","JUnit5TestShouldBePackagePrivate"
"197","Test","src/Test/BreakoutGameTest.java","3","1","PackageCase: Package name contains upper case characters","Code Style","PackageCase"
"198","Test","src/Test/BreakoutGameTest.java","3","11","AtLeastOneConstructor: Each class should declare at least one constructor","Code Style","AtLeastOneConstructor"
"199","Test","src/Test/BreakoutGameTest.java","3","11","JUnit5TestShouldBePackagePrivate: JUnit 5 tests should be package-private.","Best Practices","JUnit5TestShouldBePackagePrivate"
"200","Test","src/Test/BreakoutGameTest.java","3","14","CommentRequired: Public method and constructor comments are required","Documentation","CommentRequired"
"201","Test","src/Test/BreakoutGameTest.java","3","14","JUnit5TestShouldBePackagePrivate: JUnit 5 tests should be package-private.","Best Practices","JUnit5TestShouldBePackagePrivate"
"202","Test","src/Test/BreakoutGameTest.java","3","18","DoNotUseThreads: To be compliant to J2EE, a webapp should not use any thread.","Multithreading","DoNotUseThreads"
"203","Test","src/Test/BreakoutGameTest.java","3","18","LocalVariableCouldBeFinal: Local variable 'testThread' could be declared final","Code Style","LocalVariableCouldBeFinal"
"204","Test","src/Test/BreakoutGameTest.java","3","21","LocalVariableCouldBeFinal: Local variable 'frame' could be declared final","Code Style","LocalVariableCouldBeFinal"
"205","Test","src/Test/BreakoutGameTest.java","3","22","LocalVariableCouldBeFinal: Local variable 'gamePanel' could be declared final","Code Style","LocalVariableCouldBeFinal"
"206","Test","src/Test/BreakoutGameTest.java","3","29","UnitTestAssertionsShouldIncludeMessage: Unit test assertions should include a message","Best Practices","UnitTestAssertionsShouldIncludeMessage"
"207","Test","src/Test/BrickTest.java","3","1","PackageCase: Package name contains upper case characters","Code Style","PackageCase"
"208","Test","src/Test/BrickTest.java","3","14","AtLeastOneConstructor: Each class should declare at least one constructor","Code Style","AtLeastOneConstructor"
"209","Test","src/Test/BrickTest.java","3","14","JUnit5TestShouldBePackagePrivate: JUnit 5 tests should be package-private.","Best Practices","JUnit5TestShouldBePackagePrivate"
"210","Test","src/Test/BrickTest.java","3","15","CommentRequired: Field comments are required","Documentation","CommentRequired"
"211","Test","src/Test/BrickTest.java","3","18","CommentRequired: Public method and constructor comments are required","Documentation","CommentRequired"
"212","Test","src/Test/BrickTest.java","3","23","CommentRequired: Public method and constructor comments are required","Documentation","CommentRequired"
"213","Test","src/Test/BrickTest.java","3","23","JUnit5TestShouldBePackagePrivate: JUnit 5 tests should be package-private.","Best Practices","JUnit5TestShouldBePackagePrivate"
"214","Test","src/Test/BrickTest.java","3","23","UnitTestContainsTooManyAsserts: Unit tests should not contain more than 1 assert(s).","Best Practices","UnitTestContainsTooManyAsserts"
"215","Test","src/Test/BrickTest.java","3","25","UnitTestAssertionsShouldIncludeMessage: Unit test assertions should include a message","Best Practices","UnitTestAssertionsShouldIncludeMessage"
"216","Test","src/Test/BrickTest.java","3","26","UnitTestAssertionsShouldIncludeMessage: Unit test assertions should include a message","Best Practices","UnitTestAssertionsShouldIncludeMessage"
"217","Test","src/Test/BrickTest.java","3","27","UnitTestAssertionsShouldIncludeMessage: Unit test assertions should include a message","Best Practices","UnitTestAssertionsShouldIncludeMessage"
"218","Test","src/Test/BrickTest.java","3","28","UnitTestAssertionsShouldIncludeMessage: Unit test assertions should include a message","Best Practices","UnitTestAssertionsShouldIncludeMessage"
"219","Test","src/Test/BrickTest.java","3","32","CommentRequired: Public method and constructor comments are required","Documentation","CommentRequired"
"220","Test","src/Test/BrickTest.java","3","32","JUnit5TestShouldBePackagePrivate: JUnit 5 tests should be package-private.","Best Practices","JUnit5TestShouldBePackagePrivate"
"221","Test","src/Test/BrickTest.java","3","34","UnitTestAssertionsShouldIncludeMessage: Unit test assertions should include a message","Best Practices","UnitTestAssertionsShouldIncludeMessage"
"222","Test","src/Test/BrickTest.java","3","38","CommentRequired: Public method and constructor comments are required","Documentation","CommentRequired"
"223","Test","src/Test/BrickTest.java","3","38","JUnit5TestShouldBePackagePrivate: JUnit 5 tests should be package-private.","Best Practices","JUnit5TestShouldBePackagePrivate"
"224","Test","src/Test/BrickTest.java","3","41","UnitTestAssertionsShouldIncludeMessage: Unit test assertions should include a message","Best Practices","UnitTestAssertionsShouldIncludeMessage"
"225","Test","src/Test/BrickTest.java","3","45","CommentRequired: Public method and constructor comments are required","Documentation","CommentRequired"
"226","Test","src/Test/BrickTest.java","3","45","JUnit5TestShouldBePackagePrivate: JUnit 5 tests should be package-private.","Best Practices","JUnit5TestShouldBePackagePrivate"
"227","Test","src/Test/BrickTest.java","1","45","MethodNamingConventions: The JUnit 5 test method name 'testDraw_NotDestroyed' doesn't match '[a-z][a-zA-Z0-9]*'","Code Style","MethodNamingConventions"
"228","Test","src/Test/BrickTest.java","3","47","LocalVariableCouldBeFinal: Local variable 'g' could be declared final","Code Style","LocalVariableCouldBeFinal"
"229","Test","src/Test/BrickTest.java","3","47","ShortVariable: Avoid variables with short names like g","Code Style","ShortVariable"
"230","Test","src/Test/BrickTest.java","3","52","CommentRequired: Public method and constructor comments are required","Documentation","CommentRequired"
"231","Test","src/Test/BrickTest.java","3","52","JUnit5TestShouldBePackagePrivate: JUnit 5 tests should be package-private.","Best Practices","JUnit5TestShouldBePackagePrivate"
"232","Test","src/Test/BrickTest.java","1","52","MethodNamingConventions: The JUnit 5 test method name 'testDraw_Destroyed' doesn't match '[a-z][a-zA-Z0-9]*'","Code Style","MethodNamingConventions"
"233","Test","src/Test/BrickTest.java","3","55","LocalVariableCouldBeFinal: Local variable 'g' could be declared final","Code Style","LocalVariableCouldBeFinal"
"234","Test","src/Test/BrickTest.java","3","55","ShortVariable: Avoid variables with short names like g","Code Style","ShortVariable"
"235","Test","src/Test/BrickTest.java","3","60","CommentRequired: Public method and constructor comments are required","Documentation","CommentRequired"
"236","Test","src/Test/BrickTest.java","3","60","JUnit5TestShouldBePackagePrivate: JUnit 5 tests should be package-private.","Best Practices","JUnit5TestShouldBePackagePrivate"
"237","Test","src/Test/BrickTest.java","1","60","MethodNamingConventions: The JUnit 5 test method name 'testColorRandomization_Case0' doesn't match '[a-z][a-zA-Z0-9]*'","Code Style","MethodNamingConventions"
"238","Test","src/Test/BrickTest.java","3","64","AvoidInstantiatingObjectsInLoops: Avoid instantiating new objects inside loops","Performance","AvoidInstantiatingObjectsInLoops"
"239","Test","src/Test/BrickTest.java","3","64","LocalVariableCouldBeFinal: Local variable 'testBrick' could be declared final","Code Style","LocalVariableCouldBeFinal"
"240","Test","src/Test/BrickTest.java","3","65","UnitTestAssertionsShouldIncludeMessage: Unit test assertions should include a message","Best Practices","UnitTestAssertionsShouldIncludeMessage"
"241","Test","src/Test/GamePanelTest.java","3","1","PackageCase: Package name contains upper case characters","Code Style","PackageCase"
"242","Test","src/Test/GamePanelTest.java","3","14","AtLeastOneConstructor: Each class should declare at least one constructor","Code Style","AtLeastOneConstructor"
"243","Test","src/Test/GamePanelTest.java","3","14","JUnit5TestShouldBePackagePrivate: JUnit 5 tests should be package-private.","Best Practices","JUnit5TestShouldBePackagePrivate"
"244","Test","src/Test/GamePanelTest.java","3","14","TooManyMethods: This class has too many methods, consider refactoring it.","Design","TooManyMethods"
"245","Test","src/Test/GamePanelTest.java","3","15","CommentRequired: Field comments are required","Documentation","CommentRequired"
"246","Test","src/Test/GamePanelTest.java","3","16","CommentRequired: Field comments are required","Documentation","CommentRequired"
"247","Test","src/Test/GamePanelTest.java","3","16","SingularField: Perhaps 'frame' could be replaced by a local variable.","Design","SingularField"
"248","Test","src/Test/GamePanelTest.java","3","19","CommentRequired: Public method and constructor comments are required","Documentation","CommentRequired"
"249","Test","src/Test/GamePanelTest.java","3","27","CommentRequired: Public method and constructor comments are required","Documentation","CommentRequired"
"250","Test","src/Test/GamePanelTest.java","3","27","JUnit5TestShouldBePackagePrivate: JUnit 5 tests should be package-private.","Best Practices","JUnit5TestShouldBePackagePrivate"
"251","Test","src/Test/GamePanelTest.java","3","27","UnitTestContainsTooManyAsserts: Unit tests should not contain more than 1 assert(s).","Best Practices","UnitTestContainsTooManyAsserts"
"252","Test","src/Test/GamePanelTest.java","3","29","UnitTestAssertionsShouldIncludeMessage: Unit test assertions should include a message","Best Practices","UnitTestAssertionsShouldIncludeMessage"
"253","Test","src/Test/GamePanelTest.java","3","30","UnitTestAssertionsShouldIncludeMessage: Unit test assertions should include a message","Best Practices","UnitTestAssertionsShouldIncludeMessage"
"254","Test","src/Test/GamePanelTest.java","3","34","CommentRequired: Public method and constructor comments are required","Documentation","CommentRequired"
"255","Test","src/Test/GamePanelTest.java","3","34","JUnit5TestShouldBePackagePrivate: JUnit 5 tests should be package-private.","Best Practices","JUnit5TestShouldBePackagePrivate"
"256","Test","src/Test/GamePanelTest.java","3","42","CommentRequired: Public method and constructor comments are required","Documentation","CommentRequired"
"257","Test","src/Test/GamePanelTest.java","3","42","JUnit5TestShouldBePackagePrivate: JUnit 5 tests should be package-private.","Best Practices","JUnit5TestShouldBePackagePrivate"
"258","Test","src/Test/GamePanelTest.java","1","42","MethodNamingConventions: The JUnit 5 test method name 'testActionPerformed_GameRunning' doesn't match '[a-z][a-zA-Z0-9]*'","Code Style","MethodNamingConventions"
"259","Test","src/Test/GamePanelTest.java","3","52","CommentRequired: Public method and constructor comments are required","Documentation","CommentRequired"
"260","Test","src/Test/GamePanelTest.java","3","52","JUnit5TestShouldBePackagePrivate: JUnit 5 tests should be package-private.","Best Practices","JUnit5TestShouldBePackagePrivate"
"261","Test","src/Test/GamePanelTest.java","1","52","MethodNamingConventions: The JUnit 5 test method name 'testKeyPressed_LeftArrow' doesn't match '[a-z][a-zA-Z0-9]*'","Code Style","MethodNamingConventions"
"262","Test","src/Test/GamePanelTest.java","3","54","LocalVariableCouldBeFinal: Local variable 'leftKey' could be declared final","Code Style","LocalVariableCouldBeFinal"
"263","Test","src/Test/GamePanelTest.java","3","60","CommentRequired: Public method and constructor comments are required","Documentation","CommentRequired"
"264","Test","src/Test/GamePanelTest.java","3","60","JUnit5TestShouldBePackagePrivate: JUnit 5 tests should be package-private.","Best Practices","JUnit5TestShouldBePackagePrivate"
"265","Test","src/Test/GamePanelTest.java","1","60","MethodNamingConventions: The JUnit 5 test method name 'testKeyPressed_RightArrow' doesn't match '[a-z][a-zA-Z0-9]*'","Code Style","MethodNamingConventions"
"266","Test","src/Test/GamePanelTest.java","3","62","LocalVariableCouldBeFinal: Local variable 'rightKey' could be declared final","Code Style","LocalVariableCouldBeFinal"
"267","Test","src/Test/GamePanelTest.java","3","68","CommentRequired: Public method and constructor comments are required","Documentation","CommentRequired"
"268","Test","src/Test/GamePanelTest.java","3","68","JUnit5TestShouldBePackagePrivate: JUnit 5 tests should be package-private.","Best Practices","JUnit5TestShouldBePackagePrivate"
"269","Test","src/Test/GamePanelTest.java","1","68","MethodNamingConventions: The JUnit 5 test method name 'testKeyPressed_OtherKey' doesn't match '[a-z][a-zA-Z0-9]*'","Code Style","MethodNamingConventions"
"270","Test","src/Test/GamePanelTest.java","3","70","LocalVariableCouldBeFinal: Local variable 'otherKey' could be declared final","Code Style","LocalVariableCouldBeFinal"
"271","Test","src/Test/GamePanelTest.java","3","76","CommentRequired: Public method and constructor comments are required","Documentation","CommentRequired"
"272","Test","src/Test/GamePanelTest.java","3","76","JUnit5TestShouldBePackagePrivate: JUnit 5 tests should be package-private.","Best Practices","JUnit5TestShouldBePackagePrivate"
"273","Test","src/Test/GamePanelTest.java","3","78","LocalVariableCouldBeFinal: Local variable 'keyEvent' could be declared final","Code Style","LocalVariableCouldBeFinal"
"274","Test","src/Test/GamePanelTest.java","3","84","CommentRequired: Public method and constructor comments are required","Documentation","CommentRequired"
"275","Test","src/Test/GamePanelTest.java","3","84","JUnit5TestShouldBePackagePrivate: JUnit 5 tests should be package-private.","Best Practices","JUnit5TestShouldBePackagePrivate"
"276","Test","src/Test/GamePanelTest.java","3","86","LocalVariableCouldBeFinal: Local variable 'keyEvent' could be declared final","Code Style","LocalVariableCouldBeFinal"
"277","Test","src/Test/GamePanelTest.java","3","92","CommentRequired: Public method and constructor comments are required","Documentation","CommentRequired"
"278","Test","src/Test/GamePanelTest.java","3","92","JUnit5TestShouldBePackagePrivate: JUnit 5 tests should be package-private.","Best Practices","JUnit5TestShouldBePackagePrivate"
"279","Test","src/Test/GamePanelTest.java","3","104","CommentRequired: Public method and constructor comments are required","Documentation","CommentRequired"
"280","Test","src/Test/GamePanelTest.java","3","104","JUnit5TestShouldBePackagePrivate: JUnit 5 tests should be package-private.","Best Practices","JUnit5TestShouldBePackagePrivate"
"281","Test","src/Test/GamePanelTest.java","3","109","LambdaCanBeMethodReference: Lambda expression could be written as a method reference: `gamePanel::repaint`","Code Style","LambdaCanBeMethodReference"
"282","Test","src/Test/GamePanelTest.java","3","113","CommentRequired: Public method and constructor comments are required","Documentation","CommentRequired"
"283","Test","src/Test/GamePanelTest.java","3","113","JUnit5TestShouldBePackagePrivate: JUnit 5 tests should be package-private.","Best Practices","JUnit5TestShouldBePackagePrivate"
"284","Test","src/Test/GamePanelTest.java","1","113","MethodNamingConventions: The JUnit 5 test method name 'testBallFallsDown_GameOver' doesn't match '[a-z][a-zA-Z0-9]*'","Code Style","MethodNamingConventions"
"285","Test","src/Test/GamePanelTest.java","3","126","CommentRequired: Public method and constructor comments are required","Documentation","CommentRequired"
"286","Test","src/Test/GamePanelTest.java","3","126","JUnit5TestShouldBePackagePrivate: JUnit 5 tests should be package-private.","Best Practices","JUnit5TestShouldBePackagePrivate"
"287","Test","src/Test/GamePanelTest.java","3","130","AvoidInstantiatingObjectsInLoops: Avoid instantiating new objects inside loops","Performance","AvoidInstantiatingObjectsInLoops"
"288","Test","src/Test/GamePanelTest.java","3","130","LocalVariableCouldBeFinal: Local variable 'leftKey' could be declared final","Code Style","LocalVariableCouldBeFinal"
"289","Test","src/Test/GamePanelTest.java","3","135","LambdaCanBeMethodReference: Lambda expression could be written as a method reference: `gamePanel::repaint`","Code Style","LambdaCanBeMethodReference"
"290","Test","src/Test/GamePanelTest.java","3","139","CommentRequired: Public method and constructor comments are required","Documentation","CommentRequired"
"291","Test","src/Test/GamePanelTest.java","3","139","JUnit5TestShouldBePackagePrivate: JUnit 5 tests should be package-private.","Best Practices","JUnit5TestShouldBePackagePrivate"
"292","Test","src/Test/GamePanelTest.java","3","145","LambdaCanBeMethodReference: Lambda expression could be written as a method reference: `gamePanel::repaint`","Code Style","LambdaCanBeMethodReference"
"293","Test","src/Test/GamePanelTest.java","3","149","CommentRequired: Public method and constructor comments are required","Documentation","CommentRequired"
"294","Test","src/Test/GamePanelTest.java","3","149","JUnit5TestShouldBePackagePrivate: JUnit 5 tests should be package-private.","Best Practices","JUnit5TestShouldBePackagePrivate"
"295","Test","src/Test/GamePanelTest.java","3","156","AvoidInstantiatingObjectsInLoops: Avoid instantiating new objects inside loops","Performance","AvoidInstantiatingObjectsInLoops"
"296","Test","src/Test/GamePanelTest.java","3","156","LocalVariableCouldBeFinal: Local variable 'key' could be declared final","Code Style","LocalVariableCouldBeFinal"
"297","Test","src/Test/GamePanelTest.java","3","169","CommentRequired: Public method and constructor comments are required","Documentation","CommentRequired"
"298","Test","src/Test/GamePanelTest.java","3","169","JUnit5TestShouldBePackagePrivate: JUnit 5 tests should be package-private.","Best Practices","JUnit5TestShouldBePackagePrivate"
"299","Test","src/Test/GamePanelTest.java","1","169","MethodNamingConventions: The JUnit 5 test method name 'testKeyPressed_WhenGameOver' doesn't match '[a-z][a-zA-Z0-9]*'","Code Style","MethodNamingConventions"
"300","Test","src/Test/GamePanelTest.java","3","176","LocalVariableCouldBeFinal: Local variable 'leftKey' could be declared final","Code Style","LocalVariableCouldBeFinal"
"301","Test","src/Test/GamePanelTest.java","3","182","CommentRequired: Public method and constructor comments are required","Documentation","CommentRequired"
"302","Test","src/Test/GamePanelTest.java","3","182","JUnit5TestShouldBePackagePrivate: JUnit 5 tests should be package-private.","Best Practices","JUnit5TestShouldBePackagePrivate"
"303","Test","src/Test/GamePanelTest.java","1","182","MethodNamingConventions: The JUnit 5 test method name 'testActionPerformed_WhenGameOver' doesn't match '[a-z][a-zA-Z0-9]*'","Code Style","MethodNamingConventions"
"304","Test","src/Test/PaddleTest.java","3","1","PackageCase: Package name contains upper case characters","Code Style","PackageCase"
"305","Test","src/Test/PaddleTest.java","3","12","AtLeastOneConstructor: Each class should declare at least one constructor","Code Style","AtLeastOneConstructor"
"306","Test","src/Test/PaddleTest.java","3","12","JUnit5TestShouldBePackagePrivate: JUnit 5 tests should be package-private.","Best Practices","JUnit5TestShouldBePackagePrivate"
"307","Test","src/Test/PaddleTest.java","3","13","CommentRequired: Field comments are required","Documentation","CommentRequired"
"308","Test","src/Test/PaddleTest.java","3","14","CommentRequired: Field comments are required","Documentation","CommentRequired"
"309","Test","src/Test/PaddleTest.java","3","17","CommentRequired: Public method and constructor comments are required","Documentation","CommentRequired"
"310","Test","src/Test/PaddleTest.java","3","22","CommentRequired: Public method and constructor comments are required","Documentation","CommentRequired"
"311","Test","src/Test/PaddleTest.java","3","22","JUnit5TestShouldBePackagePrivate: JUnit 5 tests should be package-private.","Best Practices","JUnit5TestShouldBePackagePrivate"
"312","Test","src/Test/PaddleTest.java","3","22","UnitTestContainsTooManyAsserts: Unit tests should not contain more than 1 assert(s).","Best Practices","UnitTestContainsTooManyAsserts"
"313","Test","src/Test/PaddleTest.java","3","24","UnitTestAssertionsShouldIncludeMessage: Unit test assertions should include a message","Best Practices","UnitTestAssertionsShouldIncludeMessage"
"314","Test","src/Test/PaddleTest.java","3","25","UnitTestAssertionsShouldIncludeMessage: Unit test assertions should include a message","Best Practices","UnitTestAssertionsShouldIncludeMessage"
"315","Test","src/Test/PaddleTest.java","3","29","CommentRequired: Public method and constructor comments are required","Documentation","CommentRequired"
"316","Test","src/Test/PaddleTest.java","3","29","JUnit5TestShouldBePackagePrivate: JUnit 5 tests should be package-private.","Best Practices","JUnit5TestShouldBePackagePrivate"
"317","Test","src/Test/PaddleTest.java","3","29","UnitTestContainsTooManyAsserts: Unit tests should not contain more than 1 assert(s).","Best Practices","UnitTestContainsTooManyAsserts"
"318","Test","src/Test/PaddleTest.java","3","31","UnitTestAssertionsShouldIncludeMessage: Unit test assertions should include a message","Best Practices","UnitTestAssertionsShouldIncludeMessage"
"319","Test","src/Test/PaddleTest.java","3","32","UnitTestAssertionsShouldIncludeMessage: Unit test assertions should include a message","Best Practices","UnitTestAssertionsShouldIncludeMessage"
"320","Test","src/Test/PaddleTest.java","3","36","CommentRequired: Public method and constructor comments are required","Documentation","CommentRequired"
"321","Test","src/Test/PaddleTest.java","3","36","JUnit5TestShouldBePackagePrivate: JUnit 5 tests should be package-private.","Best Practices","JUnit5TestShouldBePackagePrivate"
"322","Test","src/Test/PaddleTest.java","1","36","MethodNamingConventions: The JUnit 5 test method name 'testMoveLeft_Normal' doesn't match '[a-z][a-zA-Z0-9]*'","Code Style","MethodNamingConventions"
"323","Test","src/Test/PaddleTest.java","3","36","UnitTestContainsTooManyAsserts: Unit tests should not contain more than 1 assert(s).","Best Practices","UnitTestContainsTooManyAsserts"
"324","Test","src/Test/PaddleTest.java","3","38","LocalVariableCouldBeFinal: Local variable 'initialX' could be declared final","Code Style","LocalVariableCouldBeFinal"
"325","Test","src/Test/PaddleTest.java","3","40","UnitTestAssertionsShouldIncludeMessage: Unit test assertions should include a message","Best Practices","UnitTestAssertionsShouldIncludeMessage"
"326","Test","src/Test/PaddleTest.java","3","41","UnitTestAssertionsShouldIncludeMessage: Unit test assertions should include a message","Best Practices","UnitTestAssertionsShouldIncludeMessage"
"327","Test","src/Test/PaddleTest.java","3","45","CommentRequired: Public method and constructor comments are required","Documentation","CommentRequired"
"328","Test","src/Test/PaddleTest.java","3","45","JUnit5TestShouldBePackagePrivate: JUnit 5 tests should be package-private.","Best Practices","JUnit5TestShouldBePackagePrivate"
"329","Test","src/Test/PaddleTest.java","1","45","MethodNamingConventions: The JUnit 5 test method name 'testMoveLeft_HitBoundary' doesn't match '[a-z][a-zA-Z0-9]*'","Code Style","MethodNamingConventions"
"330","Test","src/Test/PaddleTest.java","3","49","UnitTestAssertionsShouldIncludeMessage: Unit test assertions should include a message","Best Practices","UnitTestAssertionsShouldIncludeMessage"
"331","Test","src/Test/PaddleTest.java","3","53","CommentRequired: Public method and constructor comments are required","Documentation","CommentRequired"
"332","Test","src/Test/PaddleTest.java","3","53","JUnit5TestShouldBePackagePrivate: JUnit 5 tests should be package-private.","Best Practices","JUnit5TestShouldBePackagePrivate"
"333","Test","src/Test/PaddleTest.java","1","53","MethodNamingConventions: The JUnit 5 test method name 'testMoveLeft_AlreadyAtBoundary' doesn't match '[a-z][a-zA-Z0-9]*'","Code Style","MethodNamingConventions"
"334","Test","src/Test/PaddleTest.java","3","57","UnitTestAssertionsShouldIncludeMessage: Unit test assertions should include a message","Best Practices","UnitTestAssertionsShouldIncludeMessage"
"335","Test","src/Test/PaddleTest.java","3","61","CommentRequired: Public method and constructor comments are required","Documentation","CommentRequired"
"336","Test","src/Test/PaddleTest.java","3","61","JUnit5TestShouldBePackagePrivate: JUnit 5 tests should be package-private.","Best Practices","JUnit5TestShouldBePackagePrivate"
"337","Test","src/Test/PaddleTest.java","1","61","MethodNamingConventions: The JUnit 5 test method name 'testMoveRight_Normal' doesn't match '[a-z][a-zA-Z0-9]*'","Code Style","MethodNamingConventions"
"338","Test","src/Test/PaddleTest.java","3","63","LocalVariableCouldBeFinal: Local variable 'initialX' could be declared final","Code Style","LocalVariableCouldBeFinal"
"339","Test","src/Test/PaddleTest.java","3","65","UnitTestAssertionsShouldIncludeMessage: Unit test assertions should include a message","Best Practices","UnitTestAssertionsShouldIncludeMessage"
"340","Test","src/Test/PaddleTest.java","3","69","CommentRequired: Public method and constructor comments are required","Documentation","CommentRequired"
"341","Test","src/Test/PaddleTest.java","3","69","JUnit5TestShouldBePackagePrivate: JUnit 5 tests should be package-private.","Best Practices","JUnit5TestShouldBePackagePrivate"
"342","Test","src/Test/PaddleTest.java","1","69","MethodNamingConventions: The JUnit 5 test method name 'testMoveRight_HitBoundary' doesn't match '[a-z][a-zA-Z0-9]*'","Code Style","MethodNamingConventions"
"343","Test","src/Test/PaddleTest.java","3","73","UnitTestAssertionsShouldIncludeMessage: Unit test assertions should include a message","Best Practices","UnitTestAssertionsShouldIncludeMessage"
"344","Test","src/Test/PaddleTest.java","3","77","CommentRequired: Public method and constructor comments are required","Documentation","CommentRequired"
"345","Test","src/Test/PaddleTest.java","3","77","JUnit5TestShouldBePackagePrivate: JUnit 5 tests should be package-private.","Best Practices","JUnit5TestShouldBePackagePrivate"
"346","Test","src/Test/PaddleTest.java","1","77","MethodNamingConventions: The JUnit 5 test method name 'testMoveRight_AlreadyAtBoundary' doesn't match '[a-z][a-zA-Z0-9]*'","Code Style","MethodNamingConventions"
"347","Test","src/Test/PaddleTest.java","3","81","UnitTestAssertionsShouldIncludeMessage: Unit test assertions should include a message","Best Practices","UnitTestAssertionsShouldIncludeMessage"
"348","Test","src/Test/PaddleTest.java","3","85","CommentRequired: Public method and constructor comments are required","Documentation","CommentRequired"
"349","Test","src/Test/PaddleTest.java","3","85","JUnit5TestShouldBePackagePrivate: JUnit 5 tests should be package-private.","Best Practices","JUnit5TestShouldBePackagePrivate"
"350","Test","src/Test/TestRunner.java","3","1","PackageCase: Package name contains upper case characters","Code Style","PackageCase"
"351","Test","src/Test/TestRunner.java","3","17","AtLeastOneConstructor: Each class should declare at least one constructor","Code Style","AtLeastOneConstructor"
"352","Test","src/Test/TestRunner.java","3","17","TestClassWithoutTestCases: The class 'TestRunner' might be a test class, but it contains no test cases.","Error Prone","TestClassWithoutTestCases"
